user_id,email,username,phone,first_name,last_name,city,zipcode
1,john@gmail.com,johnd,1-570-236-7033,john,doe,kilcoole,12926-3874
2,morrison@gmail.com,mor_2314,1-570-236-7033,david,morrison,kilcoole,12926-3874
3,kevin@gmail.com,kevinryan,1-567-094-1345,kevin,ryan,Cullman,29567-1452
4,don@gmail.com,donero,1-765-789-6734,don,romer,San Antonio,98234-1734
5,derek@gmail.com,derek,1-956-001-1945,derek,powell,san Antonio,80796-1234
6,david_r@gmail.com,david_r,1-678-345-9856,david,russell,el paso,12346-0456
7,miriam@gmail.com,snyder,1-123-943-0563,miriam,snyder,fresno,96378-0245
8,william@gmail.com,hopkins,1-478-001-0890,william,hopkins,mesa,96378-0245
9,kate@gmail.com,kate_h,1-678-456-1934,kate,hale,miami,96378-0245
10,jimmie@gmail.com,jimmie_k,1-104-001-4567,jimmie,klein,fort wayne,10256-4532
